[{"Round": 1, "Date": "2026-03-01", "Time": "13:15", "HomeTeam": "Newcastle Knights", "AwayTeam": "North Queensland Cowboys", "Venue": "Allegiant Stadium", "Location": "Las Vegas"}, {"Round": 1, "Date": "2026-03-01", "Time": "15:30", "HomeTeam": "Canterbury Bulldogs", "AwayTeam": "St George Illawarra Dragons", "Venue": "Allegiant Stadium", "Location": "Las Vegas"}, {"Round": 1, "Date": "2026-03-05", "Time": "20:00", "HomeTeam": "Melbourne Storm", "AwayTeam": "Parramatta Eels", "Venue": "AAMI Park", "Location": "Melbourne"}, {"Round": 1, "Date": "2026-03-06", "Time": "18:00", "HomeTeam": "Warriors", "AwayTeam": "Sydney Roosters", "Venue": "Go Media Stadium", "Location": "Auckland"}, {"Round": 1, "Date": "2026-03-06", "Time": "20:00", "HomeTeam": "Brisbane Broncos", "AwayTeam": "Penrith Panthers", "Venue": "Suncorp Stadium", "Location": "Brisbane"}, {"Round": 1, "Date": "2026-03-07", "Time": "17:30", "HomeTeam": "Cronulla Sharks", "AwayTeam": "Gold Coast Titans", "Venue": "Sharks Stadium", "Location": "Sydney"}, {"Round": 1, "Date": "2026-03-07", "Time": "19:30", "HomeTeam": "Manly Sea Eagles", "AwayTeam": "Canberra Raiders", "Venue": "4 Pines Park", "Location": "Sydney"}, {"Round": 1, "Date": "2026-03-08", "Time": "16:05", "HomeTeam": "Dolphins", "AwayTeam": "South Sydney Rabbitohs", "Venue": "Suncorp Stadium", "Location": "Brisbane"}, {"Round": 2, "Date": "2026-03-12", "Time": "20:00", "HomeTeam": "Brisbane Broncos", "AwayTeam": "Parramatta Eels", "Venue": "Suncorp Stadium", "Location": "Brisbane"}, {"Round": 2, "Date": "2026-03-13", "Time": "18:00", "HomeTeam": "Warriors", "AwayTeam": "Canberra Raiders", "Venue": "Go Media Stadium", "Location": "Auckland"}, {"Round": 2, "Date": "2026-03-13", "Time": "20:00", "HomeTeam": "Sydney Roosters", "AwayTeam": "South Sydney Rabbitohs", "Venue": "Allianz Stadium", "Location": "Sydney"}, {"Round": 2, "Date": "2026-03-14", "Time": "15:00", "HomeTeam": "Wests Tigers", "AwayTeam": "North Queensland Cowboys", "Venue": "Leichhardt Oval", "Location": "Sydney"}, {"Round": 2, "Date": "2026-03-14", "Time": "17:30", "HomeTeam": "St George Illawarra Dragons", "AwayTeam": "Melbourne Storm", "Venue": "WIN Stadium", "Location": "Wollongong"}, {"Round": 2, "Date": "2026-03-14", "Time": "19:30", "HomeTeam": "Penrith Panthers", "AwayTeam": "Cronulla Sharks", "Venue": "Carrington Park", "Location": "Bathurst"}, {"Round": 2, "Date": "2026-03-15", "Time": "16:05", "HomeTeam": "Manly Sea Eagles", "AwayTeam": "Newcastle Knights", "Venue": "4 Pines Park", "Location": "Sydney"}, {"Round": 2, "Date": "2026-03-15", "Time": "18:15", "HomeTeam": "Dolphins", "AwayTeam": "Gold Coast Titans", "Venue": "Suncorp Stadium", "Location": "Brisbane"}, {"Round": 3, "Date": "2026-03-19", "Time": "20:00", "HomeTeam": "Canberra Raiders", "AwayTeam": "Canterbury Bulldogs", "Venue": "GIO Stadium", "Location": "Canberra"}, {"Round": 3, "Date": "2026-03-20", "Time": "18:00", "HomeTeam": "Sydney Roosters", "AwayTeam": "Penrith Panthers", "Venue": "Allianz Stadium", "Location": "Sydney"}, {"Round": 3, "Date": "2026-03-20", "Time": "20:00", "HomeTeam": "Melbourne Storm", "AwayTeam": "Brisbane Broncos", "Venue": "AAMI Park", "Location": "Melbourne"}, {"Round": 3, "Date": "2026-03-21", "Time": "15:00", "HomeTeam": "Newcastle Knights", "AwayTeam": "Warriors", "Venue": "McDonald Jones Stadium", "Location": "Newcastle"}, {"Round": 3, "Date": "2026-03-21", "Time": "17:30", "HomeTeam": "Cronulla Sharks", "AwayTeam": "Dolphins", "Venue": "Sharks Stadium", "Location": "Sydney"}, {"Round": 3, "Date": "2026-03-21", "Time": "19:30", "HomeTeam": "South Sydney Rabbitohs", "AwayTeam": "Wests Tigers", "Venue": "Accor Stadium", "Location": "Sydney"}, {"Round": 3, "Date": "2026-03-22", "Time": "16:05", "HomeTeam": "Parramatta Eels", "AwayTeam": "St George Illawarra Dragons", "Venue": "CommBank Stadium", "Location": "Sydney"}, {"Round": 3, "Date": "2026-03-22", "Time": "18:15", "HomeTeam": "North Queensland Cowboys", "AwayTeam": "Gold Coast Titans", "Venue": "Qld Country Bank Stadium", "Location": "Townsville"}, {"Round": 4, "Date": "2026-03-26", "Time": "20:00", "HomeTeam": "Manly Sea Eagles", "AwayTeam": "Sydney Roosters", "Venue": "4 Pines Park", "Location": "Sydney"}, {"Round": 4, "Date": "2026-03-27", "Time": "18:00", "HomeTeam": "Warriors", "AwayTeam": "Wests Tigers", "Venue": "Go Media Stadium", "Location": "Auckland"}, {"Round": 4, "Date": "2026-03-27", "Time": "20:00", "HomeTeam": "Brisbane Broncos", "AwayTeam": "Dolphins", "Venue": "Suncorp Stadium", "Location": "Brisbane"}, {"Round": 4, "Date": "2026-03-28", "Time": "15:00", "HomeTeam": "Canterbury Bulldogs", "AwayTeam": "Newcastle Knights", "Venue": "Accor Stadium", "Location": "Sydney"}, {"Round": 4, "Date": "2026-03-28", "Time": "17:30", "HomeTeam": "Penrith Panthers", "AwayTeam": "Parramatta Eels", "Venue": "CommBank Stadium", "Location": "Sydney"}, {"Round": 4, "Date": "2026-03-28", "Time": "19:30", "HomeTeam": "North Queensland Cowboys", "AwayTeam": "Melbourne Storm", "Venue": "Qld Country Bank Stadium", "Location": "Townsville"}, {"Round": 4, "Date": "2026-03-29", "Time": "16:05", "HomeTeam": "Canberra Raiders", "AwayTeam": "Cronulla Sharks", "Venue": "GIO Stadium", "Location": "Canberra"}, {"Round": 4, "Date": "2026-03-29", "Time": "18:15", "HomeTeam": "Gold Coast Titans", "AwayTeam": "St George Illawarra Dragons", "Venue": "Cbus Super Stadium", "Location": "Gold Coast"}, {"Round": 5, "Date": "2026-04-02", "Time": "20:00", "HomeTeam": "Dolphins", "AwayTeam": "Manly Sea Eagles", "Venue": "Kayo Stadium", "Location": "Redcliffe"}, {"Round": 5, "Date": "2026-04-03", "Time": "16:05", "HomeTeam": "South Sydney Rabbitohs", "AwayTeam": "Canterbury Bulldogs", "Venue": "Accor Stadium", "Location": "Sydney"}, {"Round": 5, "Date": "2026-04-03", "Time": "20:00", "HomeTeam": "Penrith Panthers", "AwayTeam": "Melbourne Storm", "Venue": "CommBank Stadium", "Location": "Sydney"}, {"Round": 5, "Date": "2026-04-04", "Time": "17:30", "HomeTeam": "St George Illawarra Dragons", "AwayTeam": "North Queensland Cowboys", "Venue": "Jubilee Oval", "Location": "Sydney"}, {"Round": 5, "Date": "2026-04-04", "Time": "19:30", "HomeTeam": "Gold Coast Titans", "AwayTeam": "Brisbane Broncos", "Venue": "Cbus Super Stadium", "Location": "Gold Coast"}, {"Round": 5, "Date": "2026-04-05", "Time": "15:00", "HomeTeam": "Cronulla Sharks", "AwayTeam": "Warriors", "Venue": "Sharks Stadium", "Location": "Sydney"}, {"Round": 5, "Date": "2026-04-05", "Time": "17:05", "HomeTeam": "Newcastle Knights", "AwayTeam": "Canberra Raiders", "Venue": "McDonald Jones Stadium", "Location": "Newcastle"}, {"Round": 5, "Date": "2026-04-06", "Time": "17:05", "HomeTeam": "Parramatta Eels", "AwayTeam": "Wests Tigers", "Venue": "CommBank Stadium", "Location": "Sydney"}, {"Round": 6, "Date": "2026-04-09", "Time": "20:50", "HomeTeam": "Canterbury Bulldogs", "AwayTeam": "Penrith Panthers", "Venue": "Accor Stadium", "Location": "Sydney"}, {"Round": 6, "Date": "2026-04-10", "Time": "19:00", "HomeTeam": "St George Illawarra Dragons", "AwayTeam": "Manly Sea Eagles", "Venue": "WIN Stadium", "Location": "Wollongong"}, {"Round": 6, "Date": "2026-04-10", "Time": "21:00", "HomeTeam": "Brisbane Broncos", "AwayTeam": "North Queensland Cowboys", "Venue": "Suncorp Stadium", "Location": "Brisbane"}, {"Round": 6, "Date": "2026-04-11", "Time": "16:00", "HomeTeam": "South Sydney Rabbitohs", "AwayTeam": "Canberra Raiders", "Venue": "Optus Stadium", "Location": "Perth"}, {"Round": 6, "Date": "2026-04-11", "Time": "18:30", "HomeTeam": "Cronulla Sharks", "AwayTeam": "Sydney Roosters", "Venue": "Optus Stadium", "Location": "Perth"}, {"Round": 6, "Date": "2026-04-11", "Time": "20:30", "HomeTeam": "Melbourne Storm", "AwayTeam": "Warriors", "Venue": "AAMI Park", "Location": "Melbourne"}, {"Round": 6, "Date": "2026-04-12", "Time": "15:00", "HomeTeam": "Parramatta Eels", "AwayTeam": "Gold Coast Titans", "Venue": "CommBank Stadium", "Location": "Sydney"}, {"Round": 6, "Date": "2026-04-12", "Time": "17:05", "HomeTeam": "Wests Tigers", "AwayTeam": "Newcastle Knights", "Venue": "Campbelltown Stadium", "Location": "Sydney"}, {"Round": 7, "Date": "2026-04-16", "Time": "20:50", "HomeTeam": "North Queensland Cowboys", "AwayTeam": "Manly Sea Eagles", "Venue": "Qld Country Bank Stadium", "Location": "Townsville"}, {"Round": 7, "Date": "2026-04-17", "Time": "19:00", "HomeTeam": "Canberra Raiders", "AwayTeam": "Melbourne Storm", "Venue": "GIO Stadium", "Location": "Canberra"}, {"Round": 7, "Date": "2026-04-17", "Time": "21:00", "HomeTeam": "Dolphins", "AwayTeam": "Penrith Panthers", "Venue": "TIO Stadium", "Location": "Darwin"}, {"Round": 7, "Date": "2026-04-18", "Time": "16:00", "HomeTeam": "Warriors", "AwayTeam": "Gold Coast Titans", "Venue": "Go Media Stadium", "Location": "Auckland"}, {"Round": 7, "Date": "2026-04-18", "Time": "18:30", "HomeTeam": "South Sydney Rabbitohs", "AwayTeam": "St George Illawarra Dragons", "Venue": "Accor Stadium", "Location": "Sydney"}, {"Round": 7, "Date": "2026-04-18", "Time": "20:30", "HomeTeam": "Wests Tigers", "AwayTeam": "Brisbane Broncos", "Venue": "Campbelltown Stadium", "Location": "Sydney"}, {"Round": 7, "Date": "2026-04-19", "Time": "15:00", "HomeTeam": "Sydney Roosters", "AwayTeam": "Newcastle Knights", "Venue": "Allianz Stadium", "Location": "Sydney"}, {"Round": 7, "Date": "2026-04-19", "Time": "17:05", "HomeTeam": "Parramatta Eels", "AwayTeam": "Canterbury Bulldogs", "Venue": "CommBank Stadium", "Location": "Sydney"}, {"Round": 8, "Date": "2026-04-23", "Time": "20:50", "HomeTeam": "Wests Tigers", "AwayTeam": "Canberra Raiders", "Venue": "Leichhardt Oval", "Location": "Sydney"}, {"Round": 8, "Date": "2026-04-24", "Time": "19:00", "HomeTeam": "North Queensland Cowboys", "AwayTeam": "Cronulla Sharks", "Venue": "Qld Country Bank Stadium", "Location": "Townsville"}, {"Round": 8, "Date": "2026-04-24", "Time": "21:00", "HomeTeam": "Brisbane Broncos", "AwayTeam": "Canterbury Bulldogs", "Venue": "Suncorp Stadium", "Location": "Brisbane"}, {"Round": 8, "Date": "2026-04-25", "Time": "17:00", "HomeTeam": "St George Illawarra Dragons", "AwayTeam": "Sydney Roosters", "Venue": "Allianz Stadium", "Location": "Sydney"}, {"Round": 8, "Date": "2026-04-25", "Time": "19:05", "HomeTeam": "Warriors", "AwayTeam": "Dolphins", "Venue": "Sky Stadium", "Location": "Wellington"}, {"Round": 8, "Date": "2026-04-25", "Time": "21:10", "HomeTeam": "Melbourne Storm", "AwayTeam": "South Sydney Rabbitohs", "Venue": "AAMI Park", "Location": "Melbourne"}, {"Round": 8, "Date": "2026-04-26", "Time": "15:00", "HomeTeam": "Newcastle Knights", "AwayTeam": "Penrith Panthers", "Venue": "McDonald Jones Stadium", "Location": "Newcastle"}, {"Round": 8, "Date": "2026-04-26", "Time": "17:05", "HomeTeam": "Manly Sea Eagles", "AwayTeam": "Parramatta Eels", "Venue": "4 Pines Park", "Location": "Sydney"}]